title,release_date,length,type,director,actors,synopsis,sessions,rating
Les Gardiens de la Galaxie 3,3 mai 2023,2h 30min,"Action, Fantastique, Science Fiction",James Gunn,"['Chris Pratt', 'Zoe Saldana', 'Dave Bautista']","Notre bande de marginaux favorite a quelque peu changé. Peter Quill, qui pleure toujours la perte de Gamora, doit rassembler son équipe pour défendre l’univers et protéger l’un des siens. En cas d’échec, cette mission pourrait bien marquer la fin des Gardiens tels que nous les connaissons.",1027,"{'critics': 3.6, 'audience': 4.3}"
Jeanne du Barry,16 mai 2023,1h 56min,"Drame, Historique, Romance", Maïwenn,"['Maïwenn', 'Johnny Depp', 'Benjamin Lavernhe']","Jeanne Vaubernier, fille du peuple avide de s’élever socialement, met à profit ses charmes pour sortir de sa condition. Son amant le comte Du Barry, qui s’enrichit largement grâce aux galanteries lucratives de Jeanne, souhaite la présenter au Roi. Il organise la rencontre via l’entremise de l’influent duc de Richelieu.",1202,"{'critics': 3.1, 'audience': 3.6}"
Fast & Furious X,17 mai 2023,2h 21min,Action,Louis Leterrier,"['Vin Diesel', 'Michelle Rodriguez', 'Jason Momoa']","Dans FAST & FURIOUS 5, Dom et son équipe avaient fait tomber l’infâme ponte de la drogue brésilienne, Hernan Reyes. Ils étaient loin de se douter que son fils avait assisté impuissant à la scène et qu’il avait passé ces douze dernières années à échafauder sa vengeance.",954,"{'critics': 2.9, 'audience': 3.5}"
La Petite sirène,24 mai 2023,2h 10min,"Aventure, Famille, Fantastique",Rob Marshall,"['Halle Bailey', 'Jonah Hauer-King', 'Martin Faliu']","Ariel est une jeune sirène belle et fougueuse dotée d’un tempérament d’aventurière. Rebelle dans l’âme, elle n’a de cesse d’être attirée par le monde qui existe par-delà les flots. Au détour de ses escapades à la surface, elle va tomber sous le charme du prince Eric.",987,"{'critics': 2.5, 'audience': 1.9}"
"Super Mario Bros, le film",5 avril 2023,1h 32min,"Animation, Comédie, Famille","Aaron Horvath, Michael Jelenic","['Pierre Tessier', 'Chris Pratt', 'Jérémie Covillault']","Alors qu’ils tentent de réparer une canalisation souterraine, Mario et son frère Luigi, tous deux plombiers, se retrouvent plongés dans un nouvel univers féerique à travers un mystérieux conduit.",678,"{'critics': 3.1, 'audience': 4.1}"
L'Amour et les Forêts,24 mai 2023,1h 45min,"Drame, Thriller",Valérie Donzelli,"['Virginie Efira', 'Melvil Poupaud', 'Dominique Reymond']","Quand Blanche croise le chemin de Gregoire, elle pense rencontrer celui qu’elle cherche. Les liens qui les unissent se tissent rapidement et leur histoire se construit dans l’emportement. Le couple déménage, Blanche s’éloigne de sa famille, de sa sœur jumelle, s’ouvre à une nouvelle vie. Mais fil après fil, elle se retrouve sous l’emprise d’un homme possessif et dangereux.",829,"{'critics': 3.8, 'audience': 3.9}"
L'Arbre à voeux,17 mai 2023,1h 30min,"Aventure, Animation, Famille",Ricard Cussó,"['Miranda Tapsell', 'Sophie Pyronnet', 'Miranda Tapsell']","Tous les animaux vivent en harmonie dans la Cité Sanctuaire, protégés par un Arbre à Vœux sacré, qui les maintient à l’abri des dangers du monde extérieur. Kerry, une jeune opossum, rêve d’aventure. Alors qu’elle a égoïstement mis en péril la paix qui y régnait, elle doit traverser les terres sauvages entourant la Cité Sanctuaire pour réparer les dégâts qu’elle y a causés.",674,"{'critics': 3.0, 'audience': 2.6}"
Les Trois Mousquetaires: D'Artagnan,5 avril 2023,2h 01min,"Aventure, Historique",Martin Bourboulon,"['François Civil', 'Vincent Cassel', 'Romain Duris']","Du Louvre au Palais de Buckingham, des bas-fonds de Paris au siège de La Rochelle… dans un Royaume divisé par les guerres de religion et menacé d’invasion par l’Angleterre, une poignée d’hommes et de femmes vont croiser leurs épées et lier leur destin à celui de la France.",453,"{'critics': 3.7, 'audience': 4.0}"
Le Principal,10 mai 2023,1h 22min,Drame,Chad Chenouga,"['Roschdy Zem', 'Yolande Moreau', 'Marina Hands']","Sabri Lahlali, Principal adjoint d’un collège de quartier, est prêt à tout pour que son fils, sur le point de passer le brevet, ait le dossier scolaire idéal. Mais il ne sait pas jusqu’où son entreprise va le mener...",692,"{'critics': 3.3, 'audience': 3.2}"
L'Exorciste du Vatican,10 mai 2023,1h 43min,"Biopic, Fantastique, Epouvante-horreur",Julius Avery,"['Russell Crowe', 'Daniel Zovatto', 'Alex Essoe']","Inspiré des véritables archives du Père Gabriele Amorth, exorciste en chef du Vatican. Le Père Gabriele Amorth enquête suite à la découverte terrifiante d'un jeune garçon possédé. Ses investigations le mèneront à dévoiler une conspiration séculaire que le Vatican a désespérément tenté de maintenir dans l'oubli.",449,"{'critics': 2.9, 'audience': 2.8}"
Omar la fraise,24 mai 2023,1h 32min,Drame,Elias Belkeddar,"['Reda Kateb', 'Benoît Magimel', 'Meriem Amiar']","Omar la Fraise est un bandit à l’ancienne. Contraint à la cavale en Algérie, il vit de petites magouilles, accompagné de son acolyte Roger. Après avoir régné sur le milieu du banditisme français durant des décennies, ils doivent ensemble accepter leur nouvelle vie...",573,"{'critics': 3.4, 'audience': 3.1}"
Hawaii,10 mai 2023,1h 44min,Comédie,Melissa Drigeard,"['Bérénice Bejo', 'Élodie Bouchez', 'Émilie Caen']","13 janvier 2018. 8h07. Une alerte au missile balistique sème la panique sur l’île de Hawaï. Persuadés qu’ils vont mourir, des amis venus passer leurs vacances en bande, se disent ce qu’ils n’ont jamais osé s’avouer. Mais il s’agit d’une fausse alerte...",553,"{'critics': 2.5, 'audience': 2.7}"
Pour l’honneur,3 mai 2023,1h 37min,Comédie,Philippe Guillard,"['Olivier Marchal', 'Olivia Bonamy', 'Mathieu Madenian']","Deux petits villages du Sud de la France se livrent depuis toujours une impitoyable guerre de clocher, symbolisée par un redoutable derby entre les deux équipes de rugby. L'arrivée inattendue de demandeurs d’asile va bouleverser la vie de ces deux villages.",383,"{'critics': 3.0, 'audience': 3.0}"
Le Cours de la vie,10 mai 2023,1h 30min,Comédie dramatique,Frédéric Sojcher,"['Agnès Jaoui', 'Jonathan Zaccaï', 'Géraldine Nakache']","Noémie retrouve Vincent, son amour de jeunesse, dans l'école de cinéma dont il est désormais directeur. A travers une masterclass hors norme, elle va apprendre à Vincent et ses élèves que l'art d'écrire un scénario c'est l'art de vivre passionnément.",523,"{'critics': 3.3, 'audience': 3.6}"
Umami,17 mai 2023,1h 31min,"Comédie, Drame",Slony Sow,"['Gérard Depardieu', 'Sandrine Bonnaire', 'Bastien Bouillon']","Gabriel Carvin est un chef étoilé de grande renommée. Lorsque sa santé et sa vie de famille se détériorent, il décide de partir à l’autre bout du monde. Direction le Japon, à la recherche d’un chef japonais qui l’avait battu à un concours de cuisine 40 ans plus tôt.",483,"{'critics': 1.9, 'audience': 2.8}"
Les Chevaliers du Zodiaque,24 mai 2023,1h 52min,"Action, Aventure, Fantastique",Tomasz Baginski,"['Mackenyu', 'Famke Janssen', 'Sean Bean']","Seiya, un adolescent au caractère bien trempé, a l'habitude de participer à des combats pour gagner de quoi survivre dans la rue, tout en recherchant sa soeur qui a été enlevée. Durant un combat, il puise involontairement dans des pouvoirs mystiques insoupçonnés...",271,"{'critics': 1.5, 'audience': 1.8}"
Hokusai,26 avril 2023,1h 30min,"Biopic, Drame, Historique",Hajime Hashimoto,"['Yûya Yagira', 'Min Tanaka', 'Hiroshi Abe']","Japon, XVIIIème siècle. Le jeune Shunrô, apprenti peintre, est exclu de son école à cause de son tempérament impétueux et du style peu conventionnel de ses estampes. Personne n’imagine alors qu’il deviendra Hokusai, célèbre auteur de la Grande vague de Kanagawa.",333,"{'critics': 3.2, 'audience': 3.4}"
Evil Dead Rise,19 avril 2023,1h 37min,"Fantastique, Epouvante-horreur",Lee Cronin,"['Lily Sullivan', 'Alyssa Sutherland', 'Morgan Davies']","Beth rend visite à sa grande sœur Ellie et ses trois enfants. Mais leurs retrouvailles tournent au cauchemar, quand elles découvrent un mystérieux livre dans le sous-sol de l’immeuble, dont la lecture libère des démons qui prennent possession des vivants...",188,"{'critics': 3.1, 'audience': 2.9}"
Showing Up,3 mai 2023,1h 48min,"Comédie, Drame",Kelly Reichardt,"['Michelle Williams', 'Hong Chau', 'André Benjamin']","À quelques semaines du vernissage de son exposition, le quotidien d’une artiste et son rapport aux autres. Le chaos de sa vie va devenir sa source d’inspiration...",296,"{'critics': 3.7, 'audience': 3.0}"
Je verrai toujours vos visages,29 mars 2023,1h 58min,Drame,Jeanne Herry,"['Adèle Exarchopoulos', 'Dali Benssalah', 'Leïla Bekhti']","Depuis 2014, en France, la Justice Restaurative propose à des personnes victimes et auteurs d’infraction de dialoguer dans des dispositifs sécurisés, encadrés par des professionnels et des bénévoles comme Judith, Fanny ou Michel.",233,"{'critics': 4.1, 'audience': 4.4}"
Notre tout petit petit mariage,26 avril 2023,1h 23min,Comédie,Frédéric Quiring,"['Ahmed Sylla', 'Camille Lou', 'Grégoire Bonnet']","Max et Lou se sont fait une promesse. Pour leur mariage ce sera seulement eux et leurs témoins. Mais ça… C’était sans compter sur l’ENORME fête surprise qui les attend ! Ils voulaient être 4, ils se retrouvent 300 et tout va très vite devenir incontrôlable… Ils rêvaient tout petit petit… Ils auront grand, TRÈS TRÈS grand !",193,"{'critics': 1.7, 'audience': 1.7}"
La Marginale,3 mai 2023,1h 37min,Comédie,Frank Cimière,"['Corinne Masiero', 'Vincent Chalambert', 'Karina Marimon']","Michèle, SDF, vit à l'aéroport d'Orly, vaguant entre les différents halls. Elle croise régulièrement Théo, jeune balayeur à l'aéroport. Atteint d'un handicap mental, il vit chez sa "" Tatie "" qui le surprotège. Un jour, Michèle fait une découverte des plus inattendues...",216,"{'critics': 2.2, 'audience': 2.6}"
Donjons & Dragons : L'Honneur des voleurs,12 avril 2023,2h 14min,"Aventure, Fantastique","Jonathan Goldstein (XII), John Francis Daley","['Chris Pine', 'Michelle Rodriguez', 'Regé-Jean Page']",Un voleur beau gosse et une bande d'aventuriers improbables entreprennent un casse épique pour récupérer une relique perdue. Les choses tournent mal lorsqu'ils s'attirent les foudres des mauvaises personnes.,167,"{'critics': 3.3, 'audience': 3.8}"
Suzume,12 avril 2023,2h 02min,"Aventure, Animation, Drame",Makoto Shinkai,"['Lévanah Solomon', 'Nanoka Hara', 'Benjamin Jungers']","Dans une petite ville paisible de Kyushu, une jeune fille de 17 ans, Suzume, rencontre un homme qui dit voyager à la recherche d’une porte. Décidant de le suivre dans les montagnes, elle découvre une porte délabrée trônant au milieu des ruines qu'elle décide d'ouvrir...",210,"{'critics': 3.8, 'audience': 4.2}"
Burning Days,26 avril 2023,2h 08min,"Drame, Thriller",Emin Alper,"['Selahattin Paşalı', 'Ekin Koç', 'Erol Babaoğlu']","Emre, un jeune procureur déterminé et inflexible, vient d’être nommé dans une petite ville reculée de Turquie. À peine arrivé, il se heurte aux notables locaux bien décidés à défendre leurs privilèges par tous les moyens, même les plus extrêmes.",262,"{'critics': 3.7, 'audience': 3.9}"
La Maleta,24 mai 2023,1h 48min,"Policier, Thriller",Jorge Dorado,"['Álvaro Morte', 'Verónica Echegui', 'María Eugenia Suárez']","Mario travaille à Madrid au bureau des objets trouvés. Un jour, on lui remet une valise trouvée au fond d’une rivière. À l’intérieur, Mario trouve des vêtements et des ossements d’enfants. La police n’étant pas résolue à enquêter, il décide alors de mener ses propres recherches, au péril de sa vie.",225,"{'critics': 2.0, 'audience': 2.8}"
Quand tu seras grand,26 avril 2023,1h 39min,Comédie dramatique,"Andréa Bescond, Eric Métayer","['Vincent Macaigne', 'Aïssa Maïga', 'Evelyne Istria']","Yannick est aide-soignant dans une maison de retraite. Entre pression permanente et restrictions budgétaires, il fait face aux manques de moyens avec une bonne humeur contagieuse. Mais lorsqu’on lui impose de partager le réfectoire avec une classe d’enfants, la situation se complique. Leur arrivée ainsi que celle de son animatrice, Aude, va bousculer le quotidien de tous et surtout des résidents...",206,"{'critics': 3.1, 'audience': 2.8}"
Le Royaume de Naya,29 mars 2023,1h 39min,"Aventure, Animation, Famille","Oleh Malamuzh, Oleksandra Ruban","['Nataliya Denisenko', 'Artem Pivovarov', 'Elena Kravets']","Par-delà les hautes Montagnes Noires se cache un royaume peuplé de créatures fantastiques. Naya, la nouvelle élue de cette forêt enchantée, rencontre Lucas, un jeune humain égaré dans les montagnes. À l’encontre des règles établies depuis des millénaires, ils vont se revoir...",140,"{'critics': 3.3, 'audience': 3.4}"
War Pony,10 mai 2023,1h 54min,Drame,"Gina Gammell, Riley Keough","['Stanley Good Voice Elk', 'Jojo Bapteise Whiting', 'Steven Yellow Hawk']","Deux jeunes hommes de la tribu Oglala Lakota vivent dans la réserve de Pine Ridge, dans le Dakota du Sud. Liés par leur quête d’appartenance à une société qui leur est hostile, ils tentent de tracer leur propre voie vers l’âge adulte.",253,"{'critics': 3.4, 'audience': 3.7}"
La Conférence,19 avril 2023,1h 48min,"Drame, Historique",Matti Geschonneck,"['Philipp Hochmair', 'Johannes Allmayer', 'Maximilian Brückner']","Au matin du 20 janvier 1942, des dignitaires du IIIe Reich se retrouvent dans une villa pour se mettre d'accord sur un plan d’élimination du peuple juif, appelé Solution Finale. Deux heures durant vont alors se succéder débats, manœuvres et jeux de pouvoir...",151,"{'critics': 3.4, 'audience': 3.8}"
La Vie pour de vrai,19 avril 2023,1h 50min,Comédie,Dany Boon,"['Dany Boon', 'Charlotte Gainsbourg', 'Kad Merad']","Tridan Lagache a passé sa vie au Club Med, à changer d’amis tous les 8 jours. À 50 ans, il démissionne du club de vacances mexicain où il est né, bien décidé à retrouver, 42 ans plus tard, son grand amour d’enfance, Violette.",148,"{'critics': 2.8, 'audience': 2.7}"
L'Homme debout,17 mai 2023,1h 26min,Comédie dramatique,Florence Vignon,"['Zita Hanrot', 'Jacques Gamblin', 'Cédric Moreau']","Pour décrocher un CDI dans l’entreprise de papier peint qui vient de l’engager, Clémence Alpharo, doit pousser Henri Giffard, VRP en fin de parcours, vers une retraite anticipée. Il faut rajeunir l’image de la petite boite. Mais Giffard refuse. Son travail semble être la seule chose qui donne encore un sens à sa vie.",281,"{'critics': 2.8, 'audience': 2.8}"
The Quiet Girl,12 avril 2023,1h 36min,Drame,Colm Bairéad,"['Catherine Clinch', 'Carrie Crowley', 'Andrew Bennett']","Irlande, 1981, Cáit, une jeune fille effacée et négligée par sa famille, est envoyée vivre auprès de parents éloignés pendant l’été. Mais dans cette maison en apparence sans secret, où elle trouve l’épanouissement et l'affection, Cáit découvre une vérité douloureuse.",165,"{'critics': 3.7, 'audience': 4.1}"
Sur l'Adamant,19 avril 2023,1h 49min,Documentaire,Nicolas Philibert,[],"L’Adamant est un Centre de Jour unique en son genre : c’est un bâtiment flottant. Édifié sur la Seine, en plein cœur de Paris, il accueille des adultes souffrant de troubles psychiques, leur offrant un cadre de soins qui les structure dans le temps et l’espace, les aide à renouer avec le monde, à retrouver un peu d’élan.",188,"{'critics': 4.2, 'audience': 3.9}"
Ramona fait son cinéma,17 mai 2023,1h 20min,"Comédie, Romance",Andrea Bagney,"['Lourdes Hernández', 'Bruno Lastra', 'Francesco Carril']","De retour à Madrid avec son petit ami Nico, Ramona veut tenter sa chance comme actrice. La veille d’une première audition, elle fait une rencontre pleine de promesses. Elle ne se doute pas que celle-ci va chambouler ses rêves et ses certitudes.",155,"{'critics': 2.7, 'audience': 2.8}"
10 jours encore sans maman,12 avril 2023,1h 36min,Comédie,Ludovic Bernard,"['Franck Dubosc', 'Aure Atika', 'Swann Joulin']","Après son licenciement, Antoine, ancien DRH d’une grande enseigne de bricolage, a choisi de rester à la maison pour s’occuper de ses 4 enfants. Un nouveau travail qu’il effectue la plupart du temps seul, car sa femme Isabelle est très occupée par sa nouvelle activité d’avocate.",93,"{'critics': 2.3, 'audience': 2.2}"
Le Jeune imam,26 avril 2023,1h 38min,Drame,Kim Chapiron,"['Abdulah Sissoko', 'Hady Berthe', 'Issaka Sawadogo']","À 14 ans, Ali est un adolescent à la dérive. Sa mère qui l’élève seule ne trouve d’autres solutions que de l’envoyer au village au Mali pour finir son éducation. Dix ans plus tard, Ali revient. Malgré les doutes de sa mère auprès de qui il est prêt à tout pour briller, il devient l’imam de la cité. Adulé de tous et poussé par ses succès, Ali décide d’aider les fidèles à réaliser le rêve de tout musulman : faire le pèlerinage à la Mecque.",106,"{'critics': 2.9, 'audience': 3.0}"
Chien de la casse,19 avril 2023,1h 33min,Comédie dramatique,Jean-Baptiste Durand,"['Anthony Bajon', 'Raphaël Quenard', 'Galatea Bellugi']","Dog et Mirales sont amis d’enfance. Ils vivent dans un petit village du sud de la France et passent la majeure partie de leurs journées à traîner dans les rues. Pour tuer le temps, Mirales a pris l’habitude de taquiner Dog plus que de raison. Leur amitié va être mise à mal par l'arrivée au village d'une jeune fille.",187,"{'critics': 3.7, 'audience': 4.1}"
La Dernière reine,19 avril 2023,1h 50min,"Drame, Historique","Damien Ounouri, Adila Bendimerad","['Adila Bendimerad', 'Dali Benssalah', 'Mohamed Tahar Zaoui']","Algérie, 1516. Le pirate Aroudj Barberousse libère Alger de la tyrannie des Espagnols et prend le pouvoir sur le royaume. Selon la rumeur, il aurait assassiné le roi Salim Toumi, malgré leur alliance. Contre toute attente, une femme va lui tenir tête : la reine Zaphira.",129,"{'critics': 3.8, 'audience': 4.1}"
Beau Is Afraid,26 avril 2023,2h 59min,"Aventure, Comédie, Drame",Ari Aster,"['Joaquin Phoenix', 'Nathan Lane', 'Amy Ryan']",Beau tente désespérément de rejoindre sa mère. Mais l’univers semble se liguer contre lui…,110,"{'critics': 3.6, 'audience': 3.3}"
Misanthrope,26 avril 2023,1h 58min,"Policier, Thriller",Damián Szifron,"['Shailene Woodley', 'Ben Mendelsohn', 'Jovan Adepo']","Eleanor, une jeune enquêtrice au lourd passé, est appelée sur les lieux d’un crime de masse terrible. La police et le FBI lancent une chasse à l’homme sans précédent, mais face au mode opératoire constamment imprévisible de l’assassin, l’enquête piétine.",132,"{'critics': 3.7, 'audience': 3.8}"
Ma langue au chat,26 avril 2023,1h 43min,Comédie,Cécile Telerman,"['Zabou Breitman', 'Pascal Elbé', 'Mélanie Bernier']","A l’aube de la cinquantaine, Laure ne supporte plus rien. Le seul être qui trouve grâce à ses yeux est Max, son chat. Lorsque ses amis de toujours débarquent pour fêter l’anniversaire de son mari et que Max disparaît, Laure disjoncte…et se met à enquêter.",108,"{'critics': 2.7, 'audience': 3.2}"
Disco Boy,3 mai 2023,1h 31min,Drame,Giacomo Abbruzzese,"['Franz Rogowski', 'Morr N’Diaye', 'Laetitia Ky']","Prêt à tout pour s’enfuir de Biélorussie, Aleksei rejoint Paris et s’engage dans la Légion étrangère. Il est envoyé au combat dans le Delta du Niger où Jomo, jeune révolutionnaire, lutte contre les compagnies pétrolières qui ont dévasté son village.",119,"{'critics': 3.5, 'audience': 3.5}"
Dancing Pina,12 avril 2023,1h 52min,Documentaire,Florian Heinzen-Ziob,[],"Au Semperoper en Allemagne et à l’École des Sables près de Dakar, de jeunes danseurs, guidés par d’anciens membres du Tanztheater de Pina Bausch, revisitent ses chorégraphies légendaires.",116,"{'critics': 3.9, 'audience': 4.2}"
Temps Mort,3 mai 2023,1h 58min,Drame,Eve Duchemin,"['Karim Leklou', 'Issaka Sawadogo', 'Jarod Cousyns']","Pour la première fois depuis longtemps, trois détenus se voient accorder une permission d’un week-end. 48h pour atterrir. 48h pour renouer avec leurs proches. 48h pour tenter de rattraper le temps perdu.",100,"{'critics': 3.3, 'audience': 3.6}"
L'Odeur du vent,24 mai 2023,1h 30min,Drame,Hadi Mohaghegh,"['Hadi Mohaghegh', 'Mohammad Eghbali']","Dans une maison isolée au milieu d’une plaine d’Iran, un homme vit seul avec son fils alité. Un jour, le transformateur de la maison tombe en panne. Un électricien vient pour le réparer. Une pièce manque, il part à sa recherche qui sera semée de rencontres et d’obstacles…",122,"{'critics': 4.0, 'audience': 3.2}"
Le Bleu du Caftan,22 mars 2023,2h 02min,"Drame, Romance",Maryam Touzani,"['Lubna Azabal', 'Saleh Bakri', 'Ayoub Missioui']","Halim est marié depuis longtemps à Mina, avec qui il tient un magasin traditionnel de caftans dans la médina de Salé, au Maroc. Le couple vit depuis toujours avec le secret d’Halim, son homosexualité qu’il a appris à taire.",81,"{'critics': 3.8, 'audience': 4.3}"
"Un an, une nuit",3 mai 2023,2h 10min,Drame,Isaki Lacuesta,"['Noémie Merlant', 'Nahuel Perez Biscayart', 'Quim Gutiérrez']","Le soir du 13 novembre 2015, Ramón et Céline, un jeune couple, assistent au concert du Bataclan. Ils réchappent à l’attaque terroriste, mais ne parviennent pas à reprendre une vie normale. Comment surmonter l’épreuve et se tourner de nouveau, ensemble, vers la vie ?",89,"{'critics': 2.5, 'audience': 3.1}"
Faces cachées,24 mai 2023,1h 40min,Thriller,"Joe Lawlor, Christine Molloy","['Ann Skelly', 'Orla Brady', 'Aidan Gillen']","Rose, étudiante en médecine vétérinaire, décide de contacter Ellen, sa mère biologique qu’elle n’a pas connue. C’est une actrice à succès qui ne veut pas développer de relation avec Rose. Cette dernière se montre très tenace et Ellen finira par révéler un secret qu'elle a caché pendant plus de 20 ans. À la suite de cette découverte, Rose va se rapprocher de son père biologique…",78,"{'critics': 2.4, 'audience': 3.1}"
Sublime,17 mai 2023,1h 40min,"Drame, Romance",Mariano Biasin,"['Martin Miller', 'Teo Inama Chiabrando', 'Azul Mazzeo']","Manuel, 16 ans, est un adolescent comme les autres. Dans sa petite ville côtière d’Argentine, il traîne avec ses amis et sa petite-amie, va à la plage, et joue de la basse dans un groupe de rock. Une routine parfaite pour un garçon de son âge. Mais sa vie se complique lorsqu’il commence à ressentir quelque chose de spécial pour son meilleur ami Felipe.",95,"{'critics': 2.8, 'audience': 2.7}"
A vol d'oiseaux,5 avril 2023,0h 57min,"Animation, Famille",,[],"À Vol d’oiseaux rassemble trois courts métrages d’animation délicats, sensibles. Un pur moment de bonheur, aérien, à la fin duquel on se sent pousser des ailes ! Un programme comme une parenthèse de douceur, où les adultes retrouvent leur âme d’enfant, les plus jeunes grandissent dans l’espoir d’une vie bienveillante, où chacun est incité à sortir de sa coquille pour voler de ses propres ailes.",90,"{'critics': 3.8, 'audience': 3.5}"
Le Petit hérisson dans la brume et autres merveilles,5 avril 2023,0h 39min,"Animation, Famille","Yuri Norstein, Roman Kachanov, Eduard Nazarov","['Philippe Caubère', 'Bruno Raffaelli', 'Anna Choupisson']","Quatre courts métrages, pour quatre moments de cinéma qui prouvent toute l’inventivité et la puissance poétique d’un cinéma d’animation fondateur, mais encore trop méconnu en France.",77,"{'critics': 4.3, 'audience': 2.8}"
About Kim Sohee,5 avril 2023,2h 17min,"Policier, Drame",July Jung,"['Doona Bae', 'Kim Si-eun', 'Choi Hee-jin']","Pour son stage de fin d’étude, Kim Sohee intègre un centre d’appel de Korea Telecom. En quelques mois, son moral décline sous le poids de conditions de travail dégradantes et d’objectifs de plus en plus difficiles à tenir.",65,"{'critics': 3.8, 'audience': 4.1}"
Les Aventures de Ricky,12 avril 2023,1h 25min,"Aventure, Animation, Famille","Mette Rank-Tange, Benjamin Quabeck","['Jay Myers', 'Jonathan Failla', 'Jeffrey Hylton']","Ricky, un jeune moineau intrépide adopté par une famille de cigognes, est embarqué dans une aventure épique au cœur de l’Afrique. Accompagné de ses fidèles amis Olga la chouette pygmée et Kiki la perruche disco, il se lance à la poursuite d’un joyau légendaire…",68,"{'critics': 3.3, 'audience': 2.4}"
Le Paradis,10 mai 2023,1h 23min,"Drame, Romance",Zeno Graton,"['Khalil Gharbia', 'Julien De Saint-Jean', 'Eye Haïdara']","Joe, 17 ans, est sur le point de sortir d’un centre fermé pour mineurs délinquants. Si son juge approuve sa libération, il ira vivre en autonomie. Mais l'arrivée d'un nouveau jeune, William, va remettre en question son désir de liberté.",67,"{'critics': 3.4, 'audience': 3.7}"
Trenque Lauquen - Partie 1,3 mai 2023,2h 09min,Drame,Laura Citarella,"['Laura Paredes', 'Juliana Muras', 'Ezequiel Pierri']",Trenque Lauquen partie 1. Une femme disparaît. Deux hommes partent à sa recherche aux alentours de la ville de Trenque Lauquen. Ils l’aiment tous les deux et chacun a ses propres soupçons quant aux raisons de cette disparition.,73,"{'critics': 4.2, 'audience': 3.6}"
La Naissance des oasis,29 mars 2023,0h 41min,"Animation, Famille","Elena Walf, Jeremy Depuydt, Lucie Sunková",[],"Un jardin plein de mystères, des gouttes de pluie qui s’unissent en communauté éphémère, une oasis drôle et colorée ou encore des bergères qui dansent avec les nuages… Programme de 5 courts métrages d’animation.",68,"{'critics': 3.7, 'audience': 2.7}"
Trenque Lauquen - Partie 2,3 mai 2023,2h 13min,Drame,Laura Citarella,"['Laura Paredes', 'Juliana Muras', 'Ezequiel Pierri']",Trenque Lauquen partie 2. Une femme disparaît. Deux hommes partent à sa recherche aux alentours de la ville de Trenque Lauquen. Ils l’aiment tous les deux et chacun a ses propres soupçons quant aux raisons de cette disparition.,69,"{'critics': 4.2, 'audience': 3.5}"
"Mon chat et moi, la grande aventure de Rroû",5 avril 2023,1h 23min,"Aventure, Famille",Guillaume Maidatchevsky,"['Capucine Sainson-Fabresse', 'Corinne Masiero', 'Lucie Laurent']","Rroû est un chaton vif et curieux qui découvre la vie sur les toits de Paris. Son destin bascule lorsque Clémence, dix-ans, l’adopte et l’emmène dans sa maison de campagne au cœur des montagnes. Débute alors une extraordinaire aventure pour Clémence et Rroû, qui vont grandir ensemble, croiser la route de la mystérieuse Madeleine et vivre une merveilleuse histoire qui va les transformer à tout jamais.",50,"{'critics': 2.7, 'audience': 3.5}"
La Fille d’Albino Rodrigue,10 mai 2023,1h 30min,Drame,Christine Dory,"['Galatea Bellugi', 'Emilie Dequenne', 'Samir Guesmi']","Rosemay, 16 ans, vit en famille d'accueil et ne rejoint sa famille biologique que pour les vacances. Un jour, son père n’est pas là pour l’accueillir comme prévu. D’ailleurs, il ne réapparaît pas et semble s’être évaporé...",97,"{'critics': 3.4, 'audience': 3.0}"
L'Établi,5 avril 2023,1h 57min,Drame,Mathias Gokalp,"['Swann Arlaud', 'Mélanie Thierry', 'Denis Podalydès']","Quelques mois après mai 68, Robert, normalien et militant d’extrême-gauche, décide de se faire embaucher chez Citroën en tant que travailleur à la chaîne. Comme d’autres de ses camarades , il veut s’infiltrer en usine pour raviver le feu révolutionnaire, mais la majorité des ouvriers ne veut plus entendre parler de politique.",56,"{'critics': 3.5, 'audience': 3.8}"
La Plus belle pour aller danser,19 avril 2023,1h 32min,Comédie,Victoria Bedos,"['Brune Moulin', 'Philippe Katerine', 'Pierre Richard']","Marie-Luce Bison, 14 ans, est élevée par son père dans une joyeuse pension de famille pour seniors dont il est le directeur. C'est bientôt la soirée déguisée de son nouveau collège : son père ne veut pas qu'elle y aille ... et de toute façon, elle n'est pas invitée. Mais poussée par Albert, son meilleur ami de 80 ans, Marie-Luce, s'y incruste, habillée en homme.",66,"{'critics': 2.9, 'audience': 3.5}"
Sur les chemins noirs,22 mars 2023,1h 35min,Drame,Denis Imbert,"['Jean Dujardin', 'Joséphine Japy', 'Izïa Higelin']","Un soir d’ivresse, Pierre, écrivain explorateur, fait une chute de plusieurs étages. Cet accident le plonge dans un coma profond. Sur son lit d’hôpital, revenu à la vie, il se fait la promesse de traverser la France à pied du Mercantour au Cotentin.",48,"{'critics': 3.0, 'audience': 3.6}"
Pompoko,18 janvier 2006,1h 54min,"Animation,  Comédie dramatique",Isao Takahata,"['Makoto Nonomura', 'Yuriko Ishida', 'Akira Kamiya']","Espèce mi-raton laveur mi-blaireau, les Tanukis partageaient aisément leur espace vital avec les paysans. Entrecoupée de batailles entre tribus, leur vie insouciante leur faisait ignorer la présence toujours plus proche des hommes… Jusqu’au jour où ces derniers décident de s’approprier leur territoire et de faire de la montagne une ville. Capables de se métamorphoser à volonté, les Tanukis vont tenter d’effrayer les humains grâce à leurs pouvoirs extraordinaires. Cependant, il en faudra plus pour que les hommes renoncent à la destruction de la forêt. Face à la menace expansionniste, la riposte des Tanukis s’organise mais les animaux ne sont pas au bout de leurs peines !",58,"{'critics': 4.4, 'audience': 3.7}"
Monsieur Constant,17 mai 2023,1h 48min,Comédie dramatique,Alan Simon,"['Jean-Claude Drouot', 'Cali', 'Danièle Evenou']","Sur l'île aux moines en Bretagne, Constant Lucas ancien photographe de guerre vit dans le souvenir de celle que l'on surnommait ""l'étoile de Sibérie"". Le vieil homme ne peut oublier cet amour passionnel qui le hante! Son fils Sergio débarque tout à coup sur l'île avec la petite Adéla que le vieil homme ne connait pas...",76,"{'critics': 2.3, 'audience': 3.7}"
Dirty Difficult Dangerous,26 avril 2023,1h 23min,Drame,Wissam Charaf,"['Clara Couturet', 'Ziad Jallad', 'Darina Al Joundi']","Ahmed, réfugié syrien espérait trouver l’amour en Mehdia, une femme de ménage éthiopienne. Mais à Beyrouth, cela semble impossible... Ce couple de réfugiés sentimentaux réussira-t-il à trouver sa voie vers la liberté alors qu'Ahmed, survivant de la guerre en Syrie, semble rongé par un mal mystérieux qui transforme son corps peu à peu en métal ?",44,"{'critics': 3.8, 'audience': 3.2}"
John Wick : Chapitre 4,22 mars 2023,2h 50min,Action,Chad Stahelski,"['Keanu Reeves', 'Donnie Yen', 'Bill Skarsgård']","John Wick découvre un moyen de vaincre l’organisation criminelle connue sous le nom de la Grande Table. Mais avant de gagner sa liberté, Il doit affronter un nouvel ennemi qui a tissé de puissantes alliances à travers le monde et qui transforme les vieux amis de John en ennemis.",27,"{'critics': 3.6, 'audience': 4.0}"
Sept hivers à Téhéran,29 mars 2023,1h 37min,Documentaire,Steffi Niederzoll,"['Zar Amir Ebrahimi', 'Reyhaneh Jabbari', 'Shole Pakravan']","En 2007 à Téhéran, Reyhaneh Jabbari, 19 ans, poignarde l’homme sur le point de la violer. Elle est accusée de meurtre et condamnée à mort. A partir d’images filmées clandestinement, Sept hivers à Téhéran montre le combat de la famille pour tenter de sauver Reyhaneh, devenue symbole de la lutte pour les droits des femmes en Iran.",42,"{'critics': 3.7, 'audience': 4.0}"
"Habib, la grande aventure",19 avril 2023,1h 28min,Comédie,Benoît Mariage,"['Bastien Ughetto', 'Catherine Deneuve', 'Thomas Solivérès']","Habib est un jeune acteur qui rêve de théâtre et de cinéma, mais qui n’enchaîne que des rôles sans envergure. Sa famille a bien du mal à comprendre cette passion qui ne lui rapporte pas un rond. Jusqu’au jour où il décroche un petit rôle de gigolo aux côtés de Catherine Deneuve. C’est le début de la grande aventure, mais aussi le début des problèmes…",30,"{'critics': 2.9, 'audience': 2.4}"
Avant l’effondrement,19 avril 2023,1h 40min,Comédie dramatique,"Alice Zeniter, Benoît Volnais","['Niels Schneider', 'Ariane Labed', 'Souheila Yacoub']","Dans un Paris caniculaire, Tristan, directeur de campagne d’une candidate aux législatives, reçoit un courrier anonyme contenant un test de grossesse positif. Parce qu’il est peut-être atteint d’une maladie génétique mortelle et incurable, il devient obsédé par l’idée de retrouver la femme qui lui a envoyé ce test.",34,"{'critics': 3.1, 'audience': 3.0}"
Kubo et l'armure magique,21 septembre 2016,1h 41min,Animation,Travis Knight,"['Charlize Theron', 'Art Parkinson', 'Ralph Fiennes']","Kubo est un être aussi intelligent que généreux, qui gagne chichement sa vie en sa qualité de conteur, dans un village de bord de mer. Cette petite vie tranquille, ainsi que celle de ses compagnons Hosato, Hashi et Kamekichi va être bouleversée quand par erreur il invoque un démon du passé.",24,"{'critics': 4.2, 'audience': 4.2}"
Mad God,26 avril 2023,1h 24min,"Animation, Expérimental, Fantastique",Phil Tippett,['Alex Cox'],"Un Assassin surgit des abysses dans une cloche à plongée et s’enfonce au cœur d’un univers infernal peuplé de créatures mutantes et de scientifiques fous. Bientôt capturé, il devient la victime du monde qu’il est chargé de détruire...",39,"{'critics': 4.2, 'audience': 3.4}"
Blue Jean,19 avril 2023,1h 37min,Drame,Georgia Oakley,"['Rosy McEwen', 'Kerrie Hayes', 'Lucy Halliday']","1988, l’Angleterre de Margaret Thatcher. Jean, professeure d’éducation physique, est obligée de cacher son homosexualité, surtout depuis le vote d’une loi stigmatisant la communauté gay. C’est sans compter sur une nouvelle étudiante qui menace de révéler son secret…",43,"{'critics': 3.5, 'audience': 3.8}"
Les Âmes sœurs,12 avril 2023,1h 40min,Drame,André Téchiné,"['Benjamin Voisin', 'Noémie Merlant', 'Audrey Dana']","David, lieutenant des forces françaises engagées au Mali, est grièvement blessé dans une explosion. Rapatrié en France, il souffre d’amnésie et commence une longue convalescence sous le regard dévoué de sa sœur Jeanne.Dans la maison familiale des Pyrénées, entre montagnes et lacs, Jeanne tente de raviver sa mémoire, mais David ne parait pas soucieux de se réconcilier avec celui qu’il était.",36,"{'critics': 3.6, 'audience': 2.9}"
Pattie et la colère de Poséidon,25 janvier 2023,1h 36min,"Aventure, Animation, Famille","David Alaux, Eric Tosti, Jean-François Tosti","['Kaycie Chase', 'Christophe Lemoine', 'Emmanuel Curtil']","La vie s’écoule paisiblement à Yolcos, belle et prospère ville portuaire de la Grèce antique, lorsque la population est menacée par la colère de Poséidon. Une jeune souris aventurière et le chat qui l’a adoptée vont alors aider à son insu le vieux Jason et ses Argonautes dans leur quête pour sauver la cité.",26,"{'critics': 2.9, 'audience': 3.8}"
